{
    "Episode": {},
    "PCI": {
        "2": 0.08333333333333333,
        "3": 0.08333333333333333,
        "4": 0.08333333333333333,
        "5": 0.08333333333333333,
        "6": 0.08333333333333333,
        "7": 0.08333333333333333,
        "8": 0.08333333333333333,
        "9": 0.08333333333333333,
        "10": 0.08333333333333333,
        "11": 0.09999999999999999,
        "12": 0.09999999999999999,
        "13": 0.09999999999999999,
        "14": 0.09999999999999999,
        "15": 0.09999999999999999,
        "16": 0.12499999999999999,
        "17": 0.15,
        "18": 0.175,
        "19": 0.19999999999999998,
        "20": 0.22499999999999998,
        "21": 0.22499999999999998,
        "22": 0.22499999999999998,
        "23": 0.22499999999999998,
        "24": 0.22499999999999998,
        "25": 0.22499999999999998,
        "26": 0.22499999999999998,
        "27": 0.22499999999999998,
        "28": 0.22499999999999998,
        "29": 0.22499999999999998,
        "30": 0.22499999999999998,
        "31": 0.22499999999999998,
        "32": 0.22499999999999998,
        "33": 0.22499999999999998,
        "34": 0.22499999999999998,
        "35": 0.22499999999999998,
        "36": 0.22499999999999998,
        "37": 0.22499999999999998,
        "38": 0.22499999999999998,
        "39": 0.22499999999999998,
        "40": 0.22499999999999998,
        "41": 0.22499999999999998,
        "42": 0.22499999999999998,
        "43": 0.22499999999999998
    },
    "PAI": {},
    "SGB": {},
    "Finished Condition": {
        "PCI": 0.3,
        "PAI": 300.0
    }
}