{
    "Episode": {},
    "PCI": {
        "2": 0.08333333333333333,
        "3": 0.08333333333333333,
        "4": 0.08333333333333333,
        "5": 0.08333333333333333,
        "6": 0.08333333333333333,
        "7": 0.09999999999999999,
        "8": 0.15,
        "9": 0.24999999999999997,
        "10": 0.24999999999999997,
        "11": 0.24999999999999997,
        "12": 0.24999999999999997,
        "13": 0.24999999999999997,
        "14": 0.24999999999999997,
        "15": 0.24999999999999997,
        "18": 0.24999999999999997,
        "19": 0.24999999999999997
    },
    "PAI": {
        "16": 600,
        "17": 800
    },
    "SGB": {},
    "Finished Condition": {
        "PCI": 0.4,
        "PAI": 800.0
    }
}